ID	Comment	Project	MT_Code_Name	Spinup	Output_vars	MT_Precip	precipFraction	MT_airT	Network	Projection	Routing	wbmParam	ConnectivityNetwork	Reservoirs	soilAWCapacity	FieldCap	WiltingPoint	rootingDepth	PET	MT_windU	MT_windV	MT_cloudFr	MT_humidity	MT_albedo	airT_yc	openWaterEvap	Glaciers	Aquifers	Springs	snowBands	Elevation	lapseDownscale	DIN	Runoff_mask	Impervious	openWater	canopyHt	MT_LAI	WaterDemand	landCollapse	LandCover	Irrigation	WM_mod_precip	WM_obs_precip	WM_mod_airT	WM_obs_airT	PostProcessing	WaterRights	USGS
test	junk, simple WBM test	WBM_test	{ MT_ID => 'WMB_test', Output_dir => '/wbm/wbm_output/WBM_test' }	{ Start => '1980-01-01', End => '1984-12-31', Loops => 0, State_ID => '' }	runoff discharge	{ Primary => 'merra2_prectotcorr_d' }		{ Primary => 'merra2_t2m_d' }	/wbm/data/flowdirection602.ascii	epsg:4326	LRR				NETCDF:/wbm/data/Harmonized-SoilMap_AWC-mm_30min.nc:layer			NETCDF:/wbm/data/Global_Terrain_RootDepthWBM_LTXXXX_30min.nc:STNetwork																													{ Temporal_Aggregation => 1, Polygon_Aggregation => { IDs => 'riverbasinmask_207 statemask' }, TA_multi_year_start => 1980, TA_multi_year_timestep => 2, Forks => 4, Run => 0 }		
test_m	junk, simple WBM test	WBM_test	{ MT_ID => 'WMB_test', Output_dir => '/wbm/wbm_output/WBM_test', Time_Series => 'monthly', File_Size => 'month', Calendar => 365 }	{ Start => '1980-01-01', End => '1980-12-31', Loops => 1, State_ID => '' }	runoff discharge	{ Primary => 'merra2_prectotcorr_d' }		{ Primary => 'merra2_t2m_d' }	/wbm/data/flowdirection602.ascii	epsg:4326	LRR				NETCDF:/wbm/data/Harmonized-SoilMap_AWC-mm_30min.nc:layer			NETCDF:/wbm/data/Global_Terrain_RootDepthWBM_LTXXXX_30min.nc:STNetwork																													{ Temporal_Aggregation => 1, Polygon_Aggregation => { IDs => 'riverbasinmask_207 statemask' }, TA_multi_year_start => 1980, TA_multi_year_timestep => 2, Forks => 4, Run => 0 }		
test_h	junk, simple WBM test, hourly	WBM_test	{ MT_ID => 'WMB_test', Output_dir => '/wbm/wbm_output/WBM_test', Run_Start => '2018-01-01', Run_End => '2019-12-31', Time_Series => 'daily{24}' }	{ Start => '2018-01-01', End => '2018-12-31', Loops => 0, State_ID => '' }	runoff discharge	{ Primary => 'merra2_prectot_h' }		{ Primary => 'merra2_t2m_h' }	/wbm/data/flowdirection602.ascii	epsg:4326	LRR				NETCDF:/wbm/data/Harmonized-SoilMap_AWC-mm_30min.nc:layer			NETCDF:/wbm/data/Global_Terrain_RootDepthWBM_LTXXXX_30min.nc:STNetwork								merra2_evwater_d																					{ Temporal_Aggregation => 1, Polygon_Aggregation => { IDs => 'riverbasinmask_207 statemask' }, Forks => 4, Run => 0 }		
test_H	junk, simple WBM test	WBM_test	{ MT_ID => 'WMB_test', Output_dir => '/wbm/wbm_output/WBM_test', Run_Start => '2018-01-01', Run_End => '2019-12-31' }	{ Start => '2018-01-01', End => '2018-12-31', Loops => 0, State_ID => '' }	runoff discharge	{ Primary => 'merra2_prectot_d' }		{ Primary => 'merra2_t2m_d' }	/wbm/data/flowdirection602.ascii	epsg:4326	LRR				NETCDF:/wbm/data/Harmonized-SoilMap_AWC-mm_30min.nc:layer			NETCDF:/wbm/data/Global_Terrain_RootDepthWBM_LTXXXX_30min.nc:STNetwork								merra2_evwater_d																					{ Temporal_Aggregation => 1, Polygon_Aggregation => { IDs => 'riverbasinmask_207 statemask' }, Forks => 4, Run => 0 }		
