{
  "@context": "https://raw.githubusercontent.com/mbjones/codemeta/master/codemeta.jsonld",
  "@type": "Code",
  "author": [
    {
      "@id": "http://orcid.org/0000-0001-9367-1791",
      "@type": "Person",
      "email": "william.usher@ouce.ox.ac.uk",
      "name": "Will Usher",
      "affiliation": "University of Oxford"
    },
    {
      "@id": "http://orcid.org/0000-0002-4081-3175",
      "@type": "Person",
      "email": "jdherman@ucdavis.edu",
      "name": "jdherman",
      "affiliation": "University of California, Davis"
    }
  ],
  "identifier": "https://doi.org/10.5281/zenodo.160164",
  "codeRepository": "https://github.com/SALib/SALib",
  "datePublished": "2016-10-18",
  "dateModified": "2016-10-18",
  "dateCreated": "2016-10-18",
  "description": "Sensitivity Analysis Library in Python (Numpy). Contains Sobol, Morris, Fractional Factorial and FAST methods.",
  "keywords": "sensitivity analysis, Python, uncertainty, variance-based, global sensitivity analysis, fractional factorial, Method of Morris, elementary effects",
  "license": "MIT",
  "title": "SALib",
  "version": "v1.0.1"
}
