Land_ID,Group,Priority,L_ini,L_dev,L_mid,L_late,Kci,Kcm,Kce,RootDepth,CropDepletionFactor,LandFracTS,LandFracTS_Dom,Kc_TS,AddedWaterTS,CropFracFile,PlantDayFile,SeasonLengthFile
Wheat_1,Irrigated,1,0.15,0.25,0.4,0.2,0.4,1.15,0.3,1250,0.55,CDL-US-M_wheat_1_irr_fr,CDL-US-M_wheat_1_irr_dom,CDL-US-M_wheat_1_irr_Kc,CDL-US_IrrCrop1_sub1,NETCDF:/net/nfs/bog/raid/data/dgrogan/MIRCA_data/WBM_format/Start_day/IrrCrop1_sub1_start_day.nc:start_day,NETCDF:/net/nfs/bog/raid/data/dgrogan/MIRCA_data/WBM_format/Season_length/IrrCrop1_sub1_season_length.nc:season_length,
Wheat_2,Irrigated,2,0.15,0.25,0.4,0.2,0.4,1.15,0.3,1250,0.55,CDL-US-M_wheat_2_irr_fr,CDL-US-M_wheat_2_irr_dom,CDL-US-M_wheat_2_irr_Kc,CDL-US_IrrCrop1_sub2,NETCDF:/net/nfs/bog/raid/data/dgrogan/MIRCA_data/WBM_format/Start_day/IrrCrop1_sub2_start_day.nc:start_day,NETCDF:/net/nfs/bog/raid/data/dgrogan/MIRCA_data/WBM_format/Season_length/IrrCrop1_sub2_season_length.nc:season_length,
Maize_1,Irrigated,3,0.17,0.28,0.33,0.22,0.3,1.2,0.4,1000,0.55,CDL-US-M_maize_1_irr_fr,CDL-US-M_maize_1_irr_dom,CDL-US-M_maize_1_irr_Kc,CDL-US_IrrCrop2_sub1,NETCDF:/net/nfs/bog/raid/data/dgrogan/MIRCA_data/WBM_format/Start_day/IrrCrop2_sub1_start_day.nc:start_day,NETCDF:/net/nfs/bog/raid/data/dgrogan/MIRCA_data/WBM_format/Season_length/IrrCrop2_sub1_season_length.nc:season_length,
Maize_2,Irrigated,4,0.17,0.28,0.33,0.22,0.3,1.2,0.4,1000,0.55,CDL-US-M_maize_2_irr_fr,CDL-US-M_maize_2_irr_dom,CDL-US-M_maize_2_irr_Kc,CDL-US_IrrCrop2_sub2,NETCDF:/net/nfs/bog/raid/data/dgrogan/MIRCA_data/WBM_format/Start_day/IrrCrop2_sub2_start_day.nc:start_day,NETCDF:/net/nfs/bog/raid/data/dgrogan/MIRCA_data/WBM_format/Season_length/IrrCrop2_sub2_season_length.nc:season_length,
Rice_1,Irrigated,5,0.17,0.18,0.44,0.21,1.05,1.2,0.75,500,1,CDL-US-M_rice_1_irr_fr,CDL-US-M_rice_1_irr_dom,CDL-US-M_rice_1_irr_Kc,CDL-US-M_rice_1_irr_AddedWater,CDL-US_IrrCrop3_sub1,NETCDF:/net/nfs/bog/raid/data/dgrogan/MIRCA_data/WBM_format/Start_day/IrrCrop3_sub1_start_day.nc:start_day,NETCDF:/net/nfs/bog/raid/data/dgrogan/MIRCA_data/WBM_format/Season_length/IrrCrop3_sub1_season_length.nc:season_length
Rice_2,Irrigated,6,0.17,0.18,0.44,0.21,1.05,1.2,0.75,500,1,CDL-US-M_rice_2_irr_fr,CDL-US-M_rice_2_irr_dom,CDL-US-M_rice_2_irr_Kc,CDL-US-M_rice_2_irr_AddedWater,CDL-US_IrrCrop3_sub2,NETCDF:/net/nfs/bog/raid/data/dgrogan/MIRCA_data/WBM_format/Start_day/IrrCrop3_sub2_start_day.nc:start_day,NETCDF:/net/nfs/bog/raid/data/dgrogan/MIRCA_data/WBM_format/Season_length/IrrCrop3_sub2_season_length.nc:season_length
Rice_3,Irrigated,7,0.17,0.18,0.44,0.21,1.05,1.2,0.75,500,1,CDL-US-M_rice_3_irr_fr,CDL-US-M_rice_3_irr_dom,CDL-US-M_rice_3_irr_Kc,CDL-US-M_rice_3_irr_AddedWater,CDL-US_IrrCrop3_sub3,NETCDF:/net/nfs/bog/raid/data/dgrogan/MIRCA_data/WBM_format/Start_day/IrrCrop3_sub3_start_day.nc:start_day,NETCDF:/net/nfs/bog/raid/data/dgrogan/MIRCA_data/WBM_format/Season_length/IrrCrop3_sub3_season_length.nc:season_length
Barley_1,Irrigated,8,0.15,0.25,0.4,0.2,0.3,1.15,0.25,1000,0.55,CDL-US-M_barley_1_irr_fr,CDL-US-M_barley_1_irr_dom,CDL-US-M_barley_1_irr_Kc,CDL-US_IrrCrop4_sub1,NETCDF:/net/nfs/bog/raid/data/dgrogan/MIRCA_data/WBM_format/Start_day/IrrCrop4_sub1_start_day.nc:start_day,NETCDF:/net/nfs/bog/raid/data/dgrogan/MIRCA_data/WBM_format/Season_length/IrrCrop4_sub1_season_length.nc:season_length,
Rye_1,Irrigated,9,0.1,0.6,0.2,0.1,0.4,1.15,0.3,1250,0.55,CDL-US-M_rye_1_irr_fr,CDL-US-M_rye_1_irr_dom,CDL-US-M_rye_1_irr_Kc,CDL-US_IrrCrop5_sub1,NETCDF:/net/nfs/bog/raid/data/dgrogan/MIRCA_data/WBM_format/Start_day/IrrCrop5_sub1_start_day.nc:start_day,NETCDF:/net/nfs/bog/raid/data/dgrogan/MIRCA_data/WBM_format/Season_length/IrrCrop5_sub1_season_length.nc:season_length,
Rye_2,Irrigated,10,0.1,0.6,0.2,0.1,0.4,1.15,0.3,1250,0.55,CDL-US-M_rye_2_irr_fr,CDL-US-M_rye_2_irr_dom,CDL-US-M_rye_2_irr_Kc,CDL-US_IrrCrop5_sub2,NETCDF:/net/nfs/bog/raid/data/dgrogan/MIRCA_data/WBM_format/Start_day/IrrCrop5_sub2_start_day.nc:start_day,NETCDF:/net/nfs/bog/raid/data/dgrogan/MIRCA_data/WBM_format/Season_length/IrrCrop5_sub2_season_length.nc:season_length,
Millet_1,Irrigated,11,0.14,0.22,0.4,0.24,0.3,1,0.3,1000,0.55,CDL-US-M_millet_1_irr_fr,CDL-US-M_millet_1_irr_dom,CDL-US-M_millet_1_irr_Kc,CDL-US_IrrCrop6_sub1,NETCDF:/net/nfs/bog/raid/data/dgrogan/MIRCA_data/WBM_format/Start_day/IrrCrop6_sub1_start_day.nc:start_day,NETCDF:/net/nfs/bog/raid/data/dgrogan/MIRCA_data/WBM_format/Season_length/IrrCrop6_sub1_season_length.nc:season_length,
Sorghum_1,Irrigated,12,0.15,0.28,0.33,0.24,0.3,1.1,0.55,1000,0.55,CDL-US-M_sorghum_1_irr_fr,CDL-US-M_sorghum_1_irr_dom,CDL-US-M_sorghum_1_irr_Kc,CDL-US_IrrCrop7_sub1,NETCDF:/net/nfs/bog/raid/data/dgrogan/MIRCA_data/WBM_format/Start_day/IrrCrop7_sub1_start_day.nc:start_day,NETCDF:/net/nfs/bog/raid/data/dgrogan/MIRCA_data/WBM_format/Season_length/IrrCrop7_sub1_season_length.nc:season_length,
Sorghum_2,Irrigated,13,0.15,0.28,0.33,0.24,0.3,1.1,0.55,1000,0.55,CDL-US-M_sorghum_2_irr_fr,CDL-US-M_sorghum_2_irr_dom,CDL-US-M_sorghum_2_irr_Kc,CDL-US_IrrCrop7_sub2,NETCDF:/net/nfs/bog/raid/data/dgrogan/MIRCA_data/WBM_format/Start_day/IrrCrop7_sub2_start_day.nc:start_day,NETCDF:/net/nfs/bog/raid/data/dgrogan/MIRCA_data/WBM_format/Season_length/IrrCrop7_sub2_season_length.nc:season_length,
Soybeans_1,Irrigated,14,0.15,0.2,0.45,0.2,0.4,1.15,0.5,600,0.5,CDL-US-M_soybeans_1_irr_fr,CDL-US-M_soybeans_1_irr_dom,CDL-US-M_soybeans_1_irr_Kc,CDL-US_IrrCrop8_sub1,NETCDF:/net/nfs/bog/raid/data/dgrogan/MIRCA_data/WBM_format/Start_day/IrrCrop8_sub1_start_day.nc:start_day,NETCDF:/net/nfs/bog/raid/data/dgrogan/MIRCA_data/WBM_format/Season_length/IrrCrop8_sub1_season_length.nc:season_length,
Sunflower_1,Irrigated,15,0.19,0.27,0.35,0.19,0.35,1.1,0.25,800,0.45,CDL-US-M_sunflower_1_irr_fr,CDL-US-M_sunflower_1_irr_dom,CDL-US-M_sunflower_1_irr_Kc,CDL-US_IrrCrop9_sub1,NETCDF:/net/nfs/bog/raid/data/dgrogan/MIRCA_data/WBM_format/Start_day/IrrCrop9_sub1_start_day.nc:start_day,NETCDF:/net/nfs/bog/raid/data/dgrogan/MIRCA_data/WBM_format/Season_length/IrrCrop9_sub1_season_length.nc:season_length,
Potatoes_1,Irrigated,16,0.2,0.25,0.35,0.2,1.15,0.5,0.4,400,0.35,CDL-US-M_potatoes_1_irr_fr,CDL-US-M_potatoes_1_irr_dom,CDL-US-M_potatoes_1_irr_Kc,CDL-US_IrrCrop10_sub1,NETCDF:/net/nfs/bog/raid/data/dgrogan/MIRCA_data/WBM_format/Start_day/IrrCrop10_sub1_start_day.nc:start_day,NETCDF:/net/nfs/bog/raid/data/dgrogan/MIRCA_data/WBM_format/Season_length/IrrCrop10_sub1_season_length.nc:season_length,
Sugarcane_1,Irrigated,18,0,0,1,0,0,0.9,0,1200,0.65,CDL-US-M_sugarcane_1_irr_fr,CDL-US-M_sugarcane_1_irr_dom,CDL-US-M_sugarcane_1_irr_Kc,CDL-US_IrrCrop12_sub1,NETCDF:/net/nfs/bog/raid/data/dgrogan/MIRCA_data/WBM_format/Start_day/IrrCrop12_sub1_start_day.nc:start_day,NETCDF:/net/nfs/bog/raid/data/dgrogan/MIRCA_data/WBM_format/Season_length/IrrCrop12_sub1_season_length.nc:season_length,
Sugarbeet_1,Irrigated,19,0.2,0.25,0.35,0.2,0.35,1.2,0.8,700,0.55,CDL-US-M_sugarbeet_1_irr_fr,CDL-US-M_sugarbeet_1_irr_dom,CDL-US-M_sugarbeet_1_irr_Kc,CDL-US_IrrCrop13_sub1,NETCDF:/net/nfs/bog/raid/data/dgrogan/MIRCA_data/WBM_format/Start_day/IrrCrop13_sub1_start_day.nc:start_day,NETCDF:/net/nfs/bog/raid/data/dgrogan/MIRCA_data/WBM_format/Season_length/IrrCrop13_sub1_season_length.nc:season_length,
Canola_1,Irrigated,21,0.3,0.25,0.3,0.15,0.35,1.1,0.35,1000,0.6,CDL-US-M_canola_1_irr_fr,CDL-US-M_canola_1_irr_dom,CDL-US-M_canola_1_irr_Kc,CDL-US_IrrCrop15_sub1,NETCDF:/net/nfs/bog/raid/data/dgrogan/MIRCA_data/WBM_format/Start_day/IrrCrop15_sub1_start_day.nc:start_day,NETCDF:/net/nfs/bog/raid/data/dgrogan/MIRCA_data/WBM_format/Season_length/IrrCrop15_sub1_season_length.nc:season_length,
Groundnuts_1,Irrigated,22,0.22,0.28,0.3,0.2,0.4,1.15,0.6,1000,0.5,CDL-US-M_groundnuts_1_irr_fr,CDL-US-M_groundnuts_1_irr_dom,CDL-US-M_groundnuts_1_irr_Kc,CDL-US_IrrCrop16_sub1,NETCDF:/net/nfs/bog/raid/data/dgrogan/MIRCA_data/WBM_format/Start_day/IrrCrop16_sub1_start_day.nc:start_day,NETCDF:/net/nfs/bog/raid/data/dgrogan/MIRCA_data/WBM_format/Season_length/IrrCrop16_sub1_season_length.nc:season_length,
Pulses_1,Irrigated,23,0.18,0.27,0.35,0.2,0.45,1.1,0.6,550,0.45,CDL-US-M_pulses_1_irr_fr,CDL-US-M_pulses_1_irr_dom,CDL-US-M_pulses_1_irr_Kc,CDL-US_IrrCrop17_sub1,NETCDF:/net/nfs/bog/raid/data/dgrogan/MIRCA_data/WBM_format/Start_day/IrrCrop17_sub1_start_day.nc:start_day,NETCDF:/net/nfs/bog/raid/data/dgrogan/MIRCA_data/WBM_format/Season_length/IrrCrop17_sub1_season_length.nc:season_length,
Citrus_1,Irrigated,24,0.16,0.25,0.33,0.26,0.8,0.8,0.8,1300,0.5,CDL-US-M_citrus_1_irr_fr,CDL-US-M_citrus_1_irr_dom,CDL-US-M_citrus_1_irr_Kc,CDL-US_IrrCrop18_sub1,NETCDF:/net/nfs/bog/raid/data/dgrogan/MIRCA_data/WBM_format/Start_day/IrrCrop18_sub1_start_day.nc:start_day,NETCDF:/net/nfs/bog/raid/data/dgrogan/MIRCA_data/WBM_format/Season_length/IrrCrop18_sub1_season_length.nc:season_length,
Vine_1,Irrigated,26,0.3,0.14,0.2,0.36,0.3,0.8,0.3,1000,0.4,CDL-US-M_vine_1_irr_fr,CDL-US-M_vine_1_irr_dom,CDL-US-M_vine_1_irr_Kc,CDL-US_IrrCrop20_sub1,NETCDF:/net/nfs/bog/raid/data/dgrogan/MIRCA_data/WBM_format/Start_day/IrrCrop20_sub1_start_day.nc:start_day,NETCDF:/net/nfs/bog/raid/data/dgrogan/MIRCA_data/WBM_format/Season_length/IrrCrop20_sub1_season_length.nc:season_length,
Cotton_1,Irrigated,27,0.17,0.33,0.25,0.25,0.35,1.18,0.6,1500,0.65,CDL-US-M_cotton_1_irr_fr,CDL-US-M_cotton_1_irr_dom,CDL-US-M_cotton_1_irr_Kc,CDL-US_IrrCrop21_sub1,NETCDF:/net/nfs/bog/raid/data/dgrogan/MIRCA_data/WBM_format/Start_day/IrrCrop21_sub1_start_day.nc:start_day,NETCDF:/net/nfs/bog/raid/data/dgrogan/MIRCA_data/WBM_format/Season_length/IrrCrop21_sub1_season_length.nc:season_length,
Others_perennial_1,Irrigated,30,0,0,1,0,1,1,1,800,0.5,CDL-US-M_othersPerennial_1_irr_fr,CDL-US-M_othersPerennial_1_irr_dom,CDL-US-M_othersPerennial_1_irr_Kc,CDL-US_IrrCrop24_sub1,NETCDF:/net/nfs/bog/raid/data/dgrogan/MIRCA_data/WBM_format/Start_day/IrrCrop24_sub1_start_day.nc:start_day,NETCDF:/net/nfs/bog/raid/data/dgrogan/MIRCA_data/WBM_format/Season_length/IrrCrop24_sub1_season_length.nc:season_length,
Fodder_grasses_1,Irrigated,31,0,0,1,0,1,1,1,1500,0.55,CDL-US-M_fodderGrasses_1_irr_fr,CDL-US-M_fodderGrasses_1_irr_dom,CDL-US-M_fodderGrasses_1_irr_Kc,CDL-US_IrrCrop25_sub1,NETCDF:/net/nfs/bog/raid/data/dgrogan/MIRCA_data/WBM_format/Start_day/IrrCrop25_sub1_start_day.nc:start_day,NETCDF:/net/nfs/bog/raid/data/dgrogan/MIRCA_data/WBM_format/Season_length/IrrCrop25_sub1_season_length.nc:season_length,
Others_annual_1,Irrigated,32,0.15,0.25,0.4,0.2,0.4,1.05,0.5,1000,0.55,CDL-US-M_othersAnnual_1_irr_fr,CDL-US-M_othersAnnual_1_irr_dom,CDL-US-M_othersAnnual_1_irr_Kc,CDL-US_IrrCrop26_sub1,NETCDF:/net/nfs/bog/raid/data/dgrogan/MIRCA_data/WBM_format/Start_day/IrrCrop26_sub1_start_day.nc:start_day,NETCDF:/net/nfs/bog/raid/data/dgrogan/MIRCA_data/WBM_format/Season_length/IrrCrop26_sub1_season_length.nc:season_length,
Others_annual_2,Irrigated,33,0.15,0.25,0.4,0.2,0.4,1.05,0.5,1000,0.55,CDL-US-M_othersAnnual_2_irr_fr,CDL-US-M_othersAnnual_2_irr_dom,CDL-US-M_othersAnnual_2_irr_Kc,CDL-US_IrrCrop26_sub2,NETCDF:/net/nfs/bog/raid/data/dgrogan/MIRCA_data/WBM_format/Start_day/IrrCrop26_sub2_start_day.nc:start_day,NETCDF:/net/nfs/bog/raid/data/dgrogan/MIRCA_data/WBM_format/Season_length/IrrCrop26_sub2_season_length.nc:season_length,
Others_annual_3,Irrigated,34,0.15,0.25,0.4,0.2,0.4,1.05,0.5,1000,0.55,CDL-US-M_othersAnnual_3_irr_fr,CDL-US-M_othersAnnual_3_irr_dom,CDL-US-M_othersAnnual_3_irr_Kc,CDL-US_IrrCrop26_sub3,NETCDF:/net/nfs/bog/raid/data/dgrogan/MIRCA_data/WBM_format/Start_day/IrrCrop26_sub3_start_day.nc:start_day,NETCDF:/net/nfs/bog/raid/data/dgrogan/MIRCA_data/WBM_format/Season_length/IrrCrop26_sub3_season_length.nc:season_length,
Others_annual_4,Irrigated,35,0.15,0.25,0.4,0.2,0.4,1.05,0.5,1000,0.55,CDL-US-M_othersAnnual_4_irr_fr,CDL-US-M_othersAnnual_4_irr_dom,CDL-US-M_othersAnnual_4_irr_Kc,CDL-US_IrrCrop26_sub4,NETCDF:/net/nfs/bog/raid/data/dgrogan/MIRCA_data/WBM_format/Start_day/IrrCrop26_sub4_start_day.nc:start_day,NETCDF:/net/nfs/bog/raid/data/dgrogan/MIRCA_data/WBM_format/Season_length/IrrCrop26_sub4_season_length.nc:season_length,
Others_annual_5,Irrigated,36,0.15,0.25,0.4,0.2,0.4,1.05,0.5,1000,0.55,CDL-US-M_othersAnnual_5_irr_fr,CDL-US-M_othersAnnual_5_irr_dom,CDL-US-M_othersAnnual_5_irr_Kc,CDL-US_IrrCrop26_sub5,NETCDF:/net/nfs/bog/raid/data/dgrogan/MIRCA_data/WBM_format/Start_day/IrrCrop26_sub5_start_day.nc:start_day,NETCDF:/net/nfs/bog/raid/data/dgrogan/MIRCA_data/WBM_format/Season_length/IrrCrop26_sub5_season_length.nc:season_length,
,,,,,,,,,,,,,,,,,,
Wheat_1,Rainfed,37,0.15,0.25,0.4,0.2,0.4,1.15,0.3,1600,0,CDL-US-M_wheat_1_rfd_fr,CDL-US-M_wheat_1_rfd_dom,CDL-US-M_wheat_1_rfd_Kc,CDL-US_RfdCrop27_sub1,NETCDF:/net/nfs/bog/raid/data/dgrogan/MIRCA_data/WBM_format/Start_day/RfCrop27_sub1_start_day.nc:start_day,NETCDF:/net/nfs/bog/raid/data/dgrogan/MIRCA_data/WBM_format/Season_length/RfCrop27_sub1_season_length.nc:season_length,
Wheat_2,Rainfed,38,0.15,0.25,0.4,0.2,0.4,1.15,0.3,1600,0,CDL-US-M_wheat_2_rfd_fr,CDL-US-M_wheat_2_rfd_dom,CDL-US-M_wheat_2_rfd_Kc,CDL-US_RfdCrop27_sub2,NETCDF:/net/nfs/bog/raid/data/dgrogan/MIRCA_data/WBM_format/Start_day/RfCrop27_sub2_start_day.nc:start_day,NETCDF:/net/nfs/bog/raid/data/dgrogan/MIRCA_data/WBM_format/Season_length/RfCrop27_sub2_season_length.nc:season_length,
Maize_1,Rainfed,39,0.17,0.28,0.33,0.22,0.3,1.2,0.4,1600,0,CDL-US-M_maize_1_rfd_fr,CDL-US-M_maize_1_rfd_dom,CDL-US-M_maize_1_rfd_Kc,CDL-US_RfdCrop28_sub1,NETCDF:/net/nfs/bog/raid/data/dgrogan/MIRCA_data/WBM_format/Start_day/RfCrop28_sub1_start_day.nc:start_day,NETCDF:/net/nfs/bog/raid/data/dgrogan/MIRCA_data/WBM_format/Season_length/RfCrop28_sub1_season_length.nc:season_length,
Maize_2,Rainfed,40,0.17,0.28,0.33,0.22,0.3,1.2,0.4,1600,0,CDL-US-M_maize_2_rfd_fr,CDL-US-M_maize_2_rfd_dom,CDL-US-M_maize_2_rfd_Kc,CDL-US_RfdCrop28_sub2,NETCDF:/net/nfs/bog/raid/data/dgrogan/MIRCA_data/WBM_format/Start_day/RfCrop28_sub2_start_day.nc:start_day,NETCDF:/net/nfs/bog/raid/data/dgrogan/MIRCA_data/WBM_format/Season_length/RfCrop28_sub2_season_length.nc:season_length,
Rice_1,Rainfed,41,0.17,0.18,0.44,0.21,1.05,1.2,0.75,1000,0,CDL-US-M_rice_1_rfd_fr,CDL-US-M_rice_1_rfd_dom,CDL-US-M_rice_1_rfd_Kc,CDL-US_RfdCrop29_sub1,NETCDF:/net/nfs/bog/raid/data/dgrogan/MIRCA_data/WBM_format/Start_day/RfCrop29_sub1_start_day.nc:start_day,NETCDF:/net/nfs/bog/raid/data/dgrogan/MIRCA_data/WBM_format/Season_length/RfCrop29_sub1_season_length.nc:season_length,
Rice_2,Rainfed,42,0.17,0.18,0.44,0.21,1.05,1.2,0.75,1000,0,CDL-US-M_rice_2_rfd_fr,CDL-US-M_rice_2_rfd_dom,CDL-US-M_rice_2_rfd_Kc,CDL-US_RfdCrop29_sub2,NETCDF:/net/nfs/bog/raid/data/dgrogan/MIRCA_data/WBM_format/Start_day/RfCrop29_sub2_start_day.nc:start_day,NETCDF:/net/nfs/bog/raid/data/dgrogan/MIRCA_data/WBM_format/Season_length/RfCrop29_sub2_season_length.nc:season_length,
Rice_3,Rainfed,43,0.17,0.18,0.44,0.21,1.05,1.2,0.75,1000,0,CDL-US-M_rice_3_rfd_fr,CDL-US-M_rice_3_rfd_dom,CDL-US-M_rice_3_rfd_Kc,CDL-US_RfdCrop29_sub3,NETCDF:/net/nfs/bog/raid/data/dgrogan/MIRCA_data/WBM_format/Start_day/RfCrop29_sub3_start_day.nc:start_day,NETCDF:/net/nfs/bog/raid/data/dgrogan/MIRCA_data/WBM_format/Season_length/RfCrop29_sub3_season_length.nc:season_length,
Barley_1,Rainfed,45,0.15,0.25,0.4,0.2,0.3,1.15,0.25,1500,0,CDL-US-M_barley_1_rfd_fr,CDL-US-M_barley_1_rfd_dom,CDL-US-M_barley_1_rfd_Kc,CDL-US_RfdCrop30_sub1,NETCDF:/net/nfs/bog/raid/data/dgrogan/MIRCA_data/WBM_format/Start_day/RfCrop30_sub1_start_day.nc:start_day,NETCDF:/net/nfs/bog/raid/data/dgrogan/MIRCA_data/WBM_format/Season_length/RfCrop30_sub1_season_length.nc:season_length,
Rye_1,Rainfed,47,0.1,0.6,0.2,0.1,0.4,1.15,0.3,1600,0,CDL-US-M_rye_1_rfd_fr,CDL-US-M_rye_1_rfd_dom,CDL-US-M_rye_1_rfd_Kc,CDL-US_RfdCrop31_sub1,NETCDF:/net/nfs/bog/raid/data/dgrogan/MIRCA_data/WBM_format/Start_day/RfCrop31_sub1_start_day.nc:start_day,NETCDF:/net/nfs/bog/raid/data/dgrogan/MIRCA_data/WBM_format/Season_length/RfCrop31_sub1_season_length.nc:season_length,
Rye_2,Rainfed,48,0.1,0.6,0.2,0.1,0.4,1.15,0.3,1600,0,CDL-US-M_rye_2_rfd_fr,CDL-US-M_rye_2_rfd_dom,CDL-US-M_rye_2_rfd_Kc,CDL-US_RfdCrop31_sub2,NETCDF:/net/nfs/bog/raid/data/dgrogan/MIRCA_data/WBM_format/Start_day/RfCrop31_sub2_start_day.nc:start_day,NETCDF:/net/nfs/bog/raid/data/dgrogan/MIRCA_data/WBM_format/Season_length/RfCrop31_sub2_season_length.nc:season_length,
Millet_1,Rainfed,49,0.14,0.22,0.4,0.24,0.3,1,0.3,1800,0,CDL-US-M_millet_1_rfd_fr,CDL-US-M_millet_1_rfd_dom,CDL-US-M_millet_1_rfd_Kc,CDL-US_RfdCrop32_sub1,NETCDF:/net/nfs/bog/raid/data/dgrogan/MIRCA_data/WBM_format/Start_day/RfCrop32_sub1_start_day.nc:start_day,NETCDF:/net/nfs/bog/raid/data/dgrogan/MIRCA_data/WBM_format/Season_length/RfCrop32_sub1_season_length.nc:season_length,
Sorghum_1,Rainfed,50,0.15,0.28,0.33,0.24,0.3,1.1,0.55,1800,0,CDL-US-M_sorghum_1_rfd_fr,CDL-US-M_sorghum_1_rfd_dom,CDL-US-M_sorghum_1_rfd_Kc,CDL-US_RfdCrop33_sub1,NETCDF:/net/nfs/bog/raid/data/dgrogan/MIRCA_data/WBM_format/Start_day/RfCrop33_sub1_start_day.nc:start_day,NETCDF:/net/nfs/bog/raid/data/dgrogan/MIRCA_data/WBM_format/Season_length/RfCrop33_sub1_season_length.nc:season_length,
Sorghum_2,Rainfed,51,0.15,0.28,0.33,0.24,0.3,1.1,0.55,1800,0,CDL-US-M_sorghum_2_rfd_fr,CDL-US-M_sorghum_2_rfd_dom,CDL-US-M_sorghum_2_rfd_Kc,CDL-US_RfdCrop33_sub2,NETCDF:/net/nfs/bog/raid/data/dgrogan/MIRCA_data/WBM_format/Start_day/RfCrop33_sub2_start_day.nc:start_day,NETCDF:/net/nfs/bog/raid/data/dgrogan/MIRCA_data/WBM_format/Season_length/RfCrop33_sub2_season_length.nc:season_length,
Soybeans_1,Rainfed,52,0.15,0.2,0.45,0.2,0.4,1.15,0.5,1300,0,CDL-US-M_soybeans_1_rfd_fr,CDL-US-M_soybeans_1_rfd_dom,CDL-US-M_soybeans_1_rfd_Kc,CDL-US_RfdCrop34_sub1,NETCDF:/net/nfs/bog/raid/data/dgrogan/MIRCA_data/WBM_format/Start_day/RfCrop34_sub1_start_day.nc:start_day,NETCDF:/net/nfs/bog/raid/data/dgrogan/MIRCA_data/WBM_format/Season_length/RfCrop34_sub1_season_length.nc:season_length,
Sunflower_1,Rainfed,53,0.19,0.27,0.35,0.19,0.35,1.1,0.25,1500,0,CDL-US-M_sunflower_1_rfd_fr,CDL-US-M_sunflower_1_rfd_dom,CDL-US-M_sunflower_1_rfd_Kc,CDL-US_RfdCrop35_sub1,NETCDF:/net/nfs/bog/raid/data/dgrogan/MIRCA_data/WBM_format/Start_day/RfCrop35_sub1_start_day.nc:start_day,NETCDF:/net/nfs/bog/raid/data/dgrogan/MIRCA_data/WBM_format/Season_length/RfCrop35_sub1_season_length.nc:season_length,
Potatoes_1,Rainfed,54,0.2,0.25,0.35,0.2,1.15,0.5,0.4,600,0,CDL-US-M_potatoes_1_rfd_fr,CDL-US-M_potatoes_1_rfd_dom,CDL-US-M_potatoes_1_rfd_Kc,CDL-US_RfdCrop36_sub1,NETCDF:/net/nfs/bog/raid/data/dgrogan/MIRCA_data/WBM_format/Start_day/RfCrop36_sub1_start_day.nc:start_day,NETCDF:/net/nfs/bog/raid/data/dgrogan/MIRCA_data/WBM_format/Season_length/RfCrop36_sub1_season_length.nc:season_length,
Sugarcane_1,Rainfed,57,0,0,1,0,0,0.9,0,650,0,CDL-US-M_sugarcane_1_rfd_fr,CDL-US-M_sugarcane_1_rfd_dom,CDL-US-M_sugarcane_1_rfd_Kc,CDL-US_RfdCrop38_sub1,NETCDF:/net/nfs/bog/raid/data/dgrogan/MIRCA_data/WBM_format/Start_day/RfCrop38_sub1_start_day.nc:start_day,NETCDF:/net/nfs/bog/raid/data/dgrogan/MIRCA_data/WBM_format/Season_length/RfCrop38_sub1_season_length.nc:season_length,
Sugarbeet_1,Rainfed,58,0.2,0.25,0.35,0.2,0.35,1.2,0.8,550,0,CDL-US-M_sugarbeet_1_rfd_fr,CDL-US-M_sugarbeet_1_rfd_dom,CDL-US-M_sugarbeet_1_rfd_Kc,CDL-US_RfdCrop39_sub1,NETCDF:/net/nfs/bog/raid/data/dgrogan/MIRCA_data/WBM_format/Start_day/RfCrop39_sub1_start_day.nc:start_day,NETCDF:/net/nfs/bog/raid/data/dgrogan/MIRCA_data/WBM_format/Season_length/RfCrop39_sub1_season_length.nc:season_length,
Canola_1,Rainfed,60,0.3,0.25,0.3,0.15,0.35,1.1,0.35,600,0,CDL-US-M_canola_1_rfd_fr,CDL-US-M_canola_1_rfd_dom,CDL-US-M_canola_1_rfd_Kc,CDL-US_RfdCrop41_sub1,NETCDF:/net/nfs/bog/raid/data/dgrogan/MIRCA_data/WBM_format/Start_day/RfCrop41_sub1_start_day.nc:start_day,NETCDF:/net/nfs/bog/raid/data/dgrogan/MIRCA_data/WBM_format/Season_length/RfCrop41_sub1_season_length.nc:season_length,
Groundnuts_1,Rainfed,61,0.22,0.28,0.3,0.2,0.4,1.15,0.6,500,0,CDL-US-M_groundnuts_1_rfd_fr,CDL-US-M_groundnuts_1_rfd_dom,CDL-US-M_groundnuts_1_rfd_Kc,CDL-US_RfdCrop42_sub1,NETCDF:/net/nfs/bog/raid/data/dgrogan/MIRCA_data/WBM_format/Start_day/RfCrop42_sub1_start_day.nc:start_day,NETCDF:/net/nfs/bog/raid/data/dgrogan/MIRCA_data/WBM_format/Season_length/RfCrop42_sub1_season_length.nc:season_length,
Pulses_1,Rainfed,62,0.18,0.27,0.35,0.2,0.45,1.1,0.6,450,0,CDL-US-M_pulses_1_rfd_fr,CDL-US-M_pulses_1_rfd_dom,CDL-US-M_pulses_1_rfd_Kc,CDL-US_RfdCrop43_sub1,NETCDF:/net/nfs/bog/raid/data/dgrogan/MIRCA_data/WBM_format/Start_day/RfCrop43_sub1_start_day.nc:start_day,NETCDF:/net/nfs/bog/raid/data/dgrogan/MIRCA_data/WBM_format/Season_length/RfCrop43_sub1_season_length.nc:season_length,
Citrus_1,Rainfed,63,0.16,0.25,0.33,0.26,0.8,0.8,0.8,500,0,CDL-US-M_citrus_1_rfd_fr,CDL-US-M_citrus_1_rfd_dom,CDL-US-M_citrus_1_rfd_Kc,CDL-US_RfdCrop44_sub1,NETCDF:/net/nfs/bog/raid/data/dgrogan/MIRCA_data/WBM_format/Start_day/RfCrop44_sub1_start_day.nc:start_day,NETCDF:/net/nfs/bog/raid/data/dgrogan/MIRCA_data/WBM_format/Season_length/RfCrop44_sub1_season_length.nc:season_length,
Vine_1,Rainfed,65,0.3,0.14,0.2,0.36,0.3,0.8,0.3,400,0,CDL-US-M_vine_1_rfd_fr,CDL-US-M_vine_1_rfd_dom,CDL-US-M_vine_1_rfd_Kc,CDL-US_RfdCrop46_sub1,NETCDF:/net/nfs/bog/raid/data/dgrogan/MIRCA_data/WBM_format/Start_day/RfCrop46_sub1_start_day.nc:start_day,NETCDF:/net/nfs/bog/raid/data/dgrogan/MIRCA_data/WBM_format/Season_length/RfCrop46_sub1_season_length.nc:season_length,
Cotton_1,Rainfed,66,0.17,0.33,0.25,0.25,0.35,1.18,0.6,650,0,CDL-US-M_cotton_1_rfd_fr,CDL-US-M_cotton_1_rfd_dom,CDL-US-M_cotton_1_rfd_Kc,CDL-US_RfdCrop47_sub1,NETCDF:/net/nfs/bog/raid/data/dgrogan/MIRCA_data/WBM_format/Start_day/RfCrop47_sub1_start_day.nc:start_day,NETCDF:/net/nfs/bog/raid/data/dgrogan/MIRCA_data/WBM_format/Season_length/RfCrop47_sub1_season_length.nc:season_length,
Others_perennial_1,Rainfed,69,0,0,1,0,1,1,1,500,0,CDL-US-M_othersPerennial_1_rfd_fr,CDL-US-M_othersPerennial_1_rfd_dom,CDL-US-M_othersPerennial_1_rfd_Kc,CDL-US_RfdCrop50_sub1,NETCDF:/net/nfs/bog/raid/data/dgrogan/MIRCA_data/WBM_format/Start_day/RfCrop50_sub1_start_day.nc:start_day,NETCDF:/net/nfs/bog/raid/data/dgrogan/MIRCA_data/WBM_format/Season_length/RfCrop50_sub1_season_length.nc:season_length,
Fodder_grasses_1,Rainfed,70,0,0,1,0,1,1,1,550,0,CDL-US-M_fodderGrasses_1_rfd_fr,CDL-US-M_fodderGrasses_1_rfd_dom,CDL-US-M_fodderGrasses_1_rfd_Kc,CDL-US_RfdCrop51_sub1,NETCDF:/net/nfs/bog/raid/data/dgrogan/MIRCA_data/WBM_format/Start_day/RfCrop51_sub1_start_day.nc:start_day,NETCDF:/net/nfs/bog/raid/data/dgrogan/MIRCA_data/WBM_format/Season_length/RfCrop51_sub1_season_length.nc:season_length,
Others_annual_1,Rainfed,71,0.15,0.25,0.4,0.2,0.4,1.05,0.5,550,0,CDL-US-M_othersAnnual_1_rfd_fr,CDL-US-M_othersAnnual_1_rfd_dom,CDL-US-M_othersAnnual_1_rfd_Kc,CDL-US_RfdCrop52_sub1,NETCDF:/net/nfs/bog/raid/data/dgrogan/MIRCA_data/WBM_format/Start_day/RfCrop52_sub1_start_day.nc:start_day,NETCDF:/net/nfs/bog/raid/data/dgrogan/MIRCA_data/WBM_format/Season_length/RfCrop52_sub1_season_length.nc:season_length,
Others_annual_2,Rainfed,72,0.15,0.25,0.4,0.2,0.4,1.05,0.5,550,0,CDL-US-M_othersAnnual_2_rfd_fr,CDL-US-M_othersAnnual_2_rfd_dom,CDL-US-M_othersAnnual_2_rfd_Kc,CDL-US_RfdCrop52_sub2,NETCDF:/net/nfs/bog/raid/data/dgrogan/MIRCA_data/WBM_format/Start_day/RfCrop52_sub2_start_day.nc:start_day,NETCDF:/net/nfs/bog/raid/data/dgrogan/MIRCA_data/WBM_format/Season_length/RfCrop52_sub2_season_length.nc:season_length,
Others_annual_3,Rainfed,73,0.15,0.25,0.4,0.2,0.4,1.05,0.5,550,0,CDL-US-M_othersAnnual_3_rfd_fr,CDL-US-M_othersAnnual_3_rfd_dom,CDL-US-M_othersAnnual_3_rfd_Kc,CDL-US_RfdCrop52_sub3,NETCDF:/net/nfs/bog/raid/data/dgrogan/MIRCA_data/WBM_format/Start_day/RfCrop52_sub3_start_day.nc:start_day,NETCDF:/net/nfs/bog/raid/data/dgrogan/MIRCA_data/WBM_format/Season_length/RfCrop52_sub3_season_length.nc:season_length,
,,,,,,,,,,,,,,,,,,
Fallow,Fallow,74,,,,,,,,,,/gpfs/group/kaf26/default/users/aqa6478/WBM/SM_Main/data_init/CDL-US-M_fallow_fr.init,,,,,,
,,,,,,,,,,,,,,,,,,
Rice_crop,Irrigated_av,1,,,,,,,,/gpfs/group/kaf26/default/users/aqa6478/WBM/SM_Main/data_init/CDL-US-M_rice_irr_awCap_av.init,/gpfs/group/kaf26/default/users/aqa6478/WBM/SM_Main/data_init/CDL-US-M_rice_irr_CDF_av.init,/gpfs/group/kaf26/default/users/aqa6478/WBM/SM_Main/data_init/CDL-US-M_rice_irr_fr_av.init,,/gpfs/group/kaf26/default/users/aqa6478/WBM/SM_Main/data_init/CDL-US-M_rice_irr_Kc_av.init,/gpfs/group/kaf26/default/users/aqa6478/WBM/SM_Main/data_init/CDL-US-M_rice_irr_AddedWater_av.init,,,
Non_rice_crop,Irrigated_av,2,,,,,,,,/gpfs/group/kaf26/default/users/aqa6478/WBM/SM_Main/data_init/CDL-US-M_nonrice_irr_awCap_av.init,/gpfs/group/kaf26/default/users/aqa6478/WBM/SM_Main/data_init/CDL-US-M_nonrice_irr_CDF_av.init,/gpfs/group/kaf26/default/users/aqa6478/WBM/SM_Main/data_init/CDL-US-M_nonrice_irr_fr_av.init,,/gpfs/group/kaf26/default/users/aqa6478/WBM/SM_Main/data_init/CDL-US-M_nonrice_irr_Kc_av.init,,,,
Rfd_crop,Rainfed_av,3,,,,,,,,/gpfs/group/kaf26/default/users/aqa6478/WBM/SM_Main/data_init/CDL-US-M_rfd_awCap_av.init,0,/gpfs/group/kaf26/default/users/aqa6478/WBM/SM_Main/data_init/CDL-US-M_rfd_fr_av.init,,/gpfs/group/kaf26/default/users/aqa6478/WBM/SM_Main/data_init/CDL-US-M_rfd_Kc_av.init,,,,